ID,transactionId
5524,ORD201708011814
4141,ORD201708012479
5324,ORD201708012570
965,ORD201708012186
4855,ORD201708012305
1994,ORD201708012323
2125,ORD201708012322
2569,ORD201708012348
9736,ORD201708012355
6565,ORD201708012371
9360,ORD201708012360
1993,ORD201708012401
1409,ORD201708012424
2404,ORD201708012414
9422,ORD201708012428
6864,ORD201708012443
5710,ORD201708012448
8755,ORD201708012450
4339,ORD201708012447
8595,ORD201708012462
8601,ORD201708012470
8430,ORD201708012481
2139,ORD201708012490
9909,ORD201708012493
7244,ORD201708012497
8614,ORD201708012494
1331,ORD201708012495
9381,ORD201708012517
8557,ORD201708012522
6853,ORD201708012527
1012,ORD201708012533
4137,ORD201708012538
1386,ORD201708012550
4477,ORD201708012558
1402,ORD201708012560
6312,ORD201708012559
1050,ORD201708012562
1859,ORD201708012563
10401,ORD201708012571
5346,ORD201708012576
535,ORD201708012578
273,ORD201708012584
8504,ORD201708012585
